"relative_path","sha256"
"fast/processed/exp2_action_cell_eligibility_audit.csv","f89d820805c31668a962b71b83a9858fb211f195b32e9c121ccc25ec6a6dbc9d"
"fast/processed/exp2_action_cell_mapping.csv","86992679d26ae0592cd6e03b86794444b65cfd200b513cb3bb9b72612d91b2aa"
"fast/processed/exp2_action_exposure_cost.csv","23c598a0b82fecef98f1dd627e2d0dffa4ecbc7e5e227b129f142c8c12d2f670"
"fast/processed/exp2_action_route_scores.csv","1026e564c1b4ecd40c43cc504281f497a49282c23669d3ac038ca0d407a65d44"
"fast/processed/exp2_all_conversion_candidates.csv","67ab97d2b8abd2b4424122f9d7023c577d5d1b1d809c6f378622f8450e6ca981"
"fast/processed/exp2_arrival_bin_anchor.csv","9ce70c85ac1f6ceede1bcfff94388694b9ef0903a1cdea2f95827b4d295939ad"
"fast/processed/exp2_attribution_route_specification.csv","4b4ee04c8b9469169788b2914e23f1bde0851cecb516c792587cf345ceb57c60"
"fast/processed/exp2_campaign_mapping.csv","1a6a861d571aef6bc9d1870212a392e3c177f6e0283bd160b86b64c7a2e3b0ac"
"fast/processed/exp2_candidate_sources_raw.csv","95adcc9d3d7289e1f775129fe091412805aa1baae0ed946cb0b98153372bf530"
"fast/processed/exp2_candidate_sources.csv","b58c7d78321e2d95a3cb6ccb55b666a93f3ae8aa38417b0d22d575e4bffd7ea0"
"fast/processed/exp2_candidate_window_uid_integrity.csv","d3d138901bbc9b435c6e7eabe5776a57a399b1658dc7993e7e988049f6291bf4"
"fast/processed/exp2_conversion_arrivals.csv","67ab97d2b8abd2b4424122f9d7023c577d5d1b1d809c6f378622f8450e6ca981"
"fast/processed/exp2_conversion_uid_integrity_summary.csv","6a32cf6f91f3b7005d8c5af23251932d1e1f2e0c367e48dcb02af9a067ed7c28"
"fast/processed/exp2_conversion_uid_integrity.csv","fc7d1c9263830919ebcf94dcab64131e1990d31501c5ae7ad832173493d5a1b0"
"fast/processed/exp2_em_action_diagnostic.csv","72713067da37d07af359d4920a52d49f4984d0a98ff8331c411c7dcd68467754"
"fast/processed/exp2_impression_timeline_raw.csv","32bcf75fa0428123bb0b037ddff0299c407c106407545afcc1b3633cb83b8e16"
"fast/processed/exp2_impression_timeline.csv","de3a6491d7dd67d5e40fbb1d3dd7a2804a8b359f76335ecef17f7e9bad84345c"
"fast/processed/exp2_route_assignments.csv","7d18113e76334e96676e0b02dd7d02a1ca021711fdc60be3100dc3e040008199"
"fast/processed/exp2_unique_labelled_conversion_candidates.csv","0a4d8a0035838f7a6378804d36d23ca802e61c75148c91cf2928ae2a827436d2"
"fast/summaries/exp2_candidate_set_summary.csv","cb644fc42a5ac8548e67376fc1efa228df628efe58ee287086e315e43d4a5848"
"fast/summaries/exp2_candidate_window_sensitivity.csv","201adcdf30ad34e4fb3e73fcc457cb8850b1035d55ffb82336dae7cfe00cff4e"
"fast/summaries/exp2_cost_adjusted_credit_score.csv","c0c00fcbbc6e8c758e92ed8ffb5f8fef93ddc1b1a383a182344495acfa0c359a"
"fast/summaries/exp2_em_assignment_diagnostic.csv","c7380d58a0446f86532da94b341e9c4d33600072e33406e8f7e686730186d9b9"
"fast/summaries/exp2_main_route_divergence_audit.csv","54b8cf2b6dde85dfd2b8a2b6cfc97e4cf511ac8b9ad7dea3ed1ee3df967ef54a"
"fast/summaries/exp2_pairwise_top_k_overlap.csv","b9628b4673c49b49cf6cf69eb1117e2366daaa74b3528156eeddfa47cac8b109"
"fast/summaries/exp2_route_assignment_summary.csv","d86f3086c10f7f008797a742a867e68e25633b12dd6f1b1e00ea7b8564bb7a69"
"fast/summaries/exp2_route_sensitivity_summary.csv","e0d1e8fbaaeef2b1e091dde1f4a694f8a5c2034366fe7090c10e229851c3718f"
"fast/summaries/exp2_source_event_delay_profile.csv","79725c52a729c330bd89889cdcf6db9642ea5c78a62b9234dea23f5e7858c3f8"
"fast/summaries/exp2_source_linked_audit.csv","c83cc4a0bfc10e515bb64b3b2d4317d8d5e686a779106c60dc29ab64d23f816e"
"fast/summaries/exp2_source_route_pairwise_overlap.csv","f6d96799dbc4e7e2cf641308af732662609b69754961feeb2f8b43447584e56b"
